Trial,MAE,MSE,RMSE,cvRMSE
1.0,0.17168570176436687,0.09445548062909745,0.3073361036863347,0.5967037582631648
2.0,0.17152724757980783,0.09441116497083474,0.30726399881996386,0.5965637641517133
3.0,0.1719750076369413,0.09498942476659024,0.3082035443770727,0.5983879246010124
