Trial,MAE,MSE,RMSE,cvRMSE
1.0,0.16879818443565253,0.08999165738674827,0.29998609532234705,0.5799686425565179
2.0,0.16840962776700188,0.089485306248036,0.2991409471269956,0.5783347019864047
3.0,0.16901318685602204,0.09055416663893961,0.3009221936629793,0.5817784187174181
