Trial,MAE,MSE,RMSE,cvRMSE
1.0,0.17338580606830276,0.09512023798921859,0.30841569024486837,0.5863354881310678
2.0,0.17320165842130097,0.09455719418956486,0.30750153526375257,0.5845975690691212
3.0,0.17313698506395384,0.09503056154525254,0.3082702735348521,0.5860590333969325
